{"cameraMode":{"drawMode":0,"name":"Shaded","section":"Shading Mode"},"sceneLighting":false,"audioPlay":false,"sceneViewState":{"showFog":true,"showMaterialUpdate":true,"showSkybox":true,"showFlares":true,"showImageEffects":true,"showParticleSystems":true},"in2DMode":false,"pivot":{"x":-1.6521105766296387,"y":-0.67950439453125,"z":-6.790562152862549},"rotation":{"x":0.3108278214931488,"y":0.3949611186981201,"z":-0.14450350403785706,"w":0.8525458574295044},"size":32.65679931640625,"orthographic":false}