{"cameraMode":{"drawMode":0,"name":"Shaded","section":"Shading Mode"},"sceneLighting":false,"audioPlay":false,"sceneViewState":{"showFog":true,"showMaterialUpdate":true,"showSkybox":true,"showFlares":true,"showImageEffects":true,"showParticleSystems":true},"in2DMode":false,"pivot":{"x":17.099864959716798,"y":3.544675827026367,"z":8.670912742614746},"rotation":{"x":-0.04687376692891121,"y":0.9507061839103699,"z":-0.17465876042842866,"w":-0.252508282661438},"size":5.411924362182617,"orthographic":false}