{"cameraMode":{"drawMode":0,"name":"Shaded","section":"Shading Mode"},"sceneLighting":false,"audioPlay":false,"sceneViewState":{"showFog":true,"showMaterialUpdate":true,"showSkybox":true,"showFlares":true,"showImageEffects":true,"showParticleSystems":true},"in2DMode":false,"pivot":{"x":-27.163156509399415,"y":2.514902114868164,"z":-54.3901481628418},"rotation":{"x":-0.28475168347358706,"y":0.6867519021034241,"z":-0.33812519907951357,"w":-0.5772944688796997},"size":23.933576583862306,"orthographic":false}