{"cameraMode":{"drawMode":0,"name":"Shaded","section":"Shading Mode"},"sceneLighting":false,"audioPlay":false,"sceneViewState":{"showFog":true,"showMaterialUpdate":true,"showSkybox":false,"showFlares":true,"showImageEffects":true,"showParticleSystems":true},"in2DMode":false,"pivot":{"x":-33.37884521484375,"y":6.515832901000977,"z":4.512849807739258},"rotation":{"x":-0.08526579290628433,"y":0.6631039381027222,"z":-0.0757896825671196,"w":-0.7399888038635254},"size":12.12435531616211,"orthographic":false}