{"cameraMode":{"drawMode":0,"name":"Shaded","section":"Shading Mode"},"sceneLighting":false,"audioPlay":false,"sceneViewState":{"showFog":true,"showMaterialUpdate":true,"showSkybox":true,"showFlares":true,"showImageEffects":true,"showParticleSystems":true},"in2DMode":false,"pivot":{"x":-2.4630000591278078,"y":0.3400000333786011,"z":0.0},"rotation":{"x":0.056263744831085208,"y":0.925473690032959,"z":-0.34237557649612429,"w":0.15248624980449677},"size":30.970523834228517,"orthographic":false}