{"cameraMode":{"drawMode":0,"name":"Shaded","section":"Shading Mode"},"sceneLighting":false,"audioPlay":false,"sceneViewState":{"showFog":true,"showMaterialUpdate":true,"showSkybox":false,"showFlares":true,"showImageEffects":true,"showParticleSystems":true},"in2DMode":false,"pivot":{"x":1.8184244632720948,"y":2.3617794513702394,"z":12.110755920410157},"rotation":{"x":-0.04687376692891121,"y":0.9507061839103699,"z":-0.17465876042842866,"w":-0.252508282661438},"size":3.8030331134796144,"orthographic":false}