{"cameraMode":{"drawMode":0,"name":"Shaded","section":"Shading Mode"},"sceneLighting":false,"audioPlay":false,"sceneViewState":{"showFog":true,"showMaterialUpdate":true,"showSkybox":true,"showFlares":true,"showImageEffects":true,"showParticleSystems":true},"in2DMode":false,"pivot":{"x":1.483163833618164,"y":2.2874794006347658,"z":-26.502819061279298},"rotation":{"x":0.1682714819908142,"y":0.8099308609962463,"z":-0.280644953250885,"w":0.4870896339416504},"size":18.23336410522461,"orthographic":false}