{"cameraMode":{"drawMode":0,"name":"Shaded","section":"Shading Mode"},"sceneLighting":false,"audioPlay":false,"sceneViewState":{"showFog":true,"showMaterialUpdate":true,"showSkybox":true,"showFlares":true,"showImageEffects":true,"showParticleSystems":true},"in2DMode":false,"pivot":{"x":-33.8001823425293,"y":-7.183615684509277,"z":-58.28840637207031},"rotation":{"x":0.1467684507369995,"y":0.8376877903938294,"z":-0.27485716342926028,"w":0.4489087462425232},"size":20.19518280029297,"orthographic":false}