{"cameraMode":{"drawMode":0,"name":"Shaded","section":"Shading Mode"},"sceneLighting":false,"audioPlay":false,"sceneViewState":{"showFog":true,"showMaterialUpdate":true,"showSkybox":true,"showFlares":true,"showImageEffects":true,"showParticleSystems":true},"in2DMode":false,"pivot":{"x":-19.049129486083986,"y":-0.2915976643562317,"z":-48.053367614746097},"rotation":{"x":0.13044673204421998,"y":0.8675974011421204,"z":-0.3093405067920685,"w":0.3672829270362854},"size":0.943051278591156,"orthographic":false}