{"cameraMode":{"drawMode":0,"name":"Shaded","section":"Shading Mode"},"sceneLighting":false,"audioPlay":false,"sceneViewState":{"showFog":true,"showMaterialUpdate":false,"showSkybox":false,"showFlares":true,"showImageEffects":true,"showParticleSystems":true},"in2DMode":false,"pivot":{"x":0.09600988030433655,"y":0.5325015187263489,"z":-12.901805877685547},"rotation":{"x":0.1966727077960968,"y":-0.4821684956550598,"z":0.11203223466873169,"w":0.8463969826698303},"size":36.6855583190918,"orthographic":false}