{"cameraMode":{"drawMode":0,"name":"Shaded","section":"Shading Mode"},"sceneLighting":false,"audioPlay":false,"sceneViewState":{"showFog":true,"showMaterialUpdate":true,"showSkybox":true,"showFlares":true,"showImageEffects":true,"showParticleSystems":true},"in2DMode":false,"pivot":{"x":0.6999998092651367,"y":10.0,"z":-11.399999618530274},"rotation":{"x":-0.018602119758725168,"y":0.8273155689239502,"z":-0.5609256029129028,"w":-0.02753928117454052},"size":32.0021858215332,"orthographic":false}