{"cameraMode":{"drawMode":0,"name":"Shaded","section":"Shading Mode"},"sceneLighting":false,"audioPlay":false,"sceneViewState":{"showFog":true,"showMaterialUpdate":true,"showSkybox":true,"showFlares":true,"showImageEffects":true,"showParticleSystems":true},"in2DMode":false,"pivot":{"x":-23.81793975830078,"y":1.5176982879638672,"z":-7.765471935272217},"rotation":{"x":-0.04051261022686958,"y":0.7716024518013,"z":-0.048610735684633258,"w":-0.6331774592399597},"size":18.632328033447267,"orthographic":false}