{"cameraMode":{"drawMode":0,"name":"Shaded","section":"Shading Mode"},"sceneLighting":false,"audioPlay":false,"sceneViewState":{"showFog":true,"showMaterialUpdate":true,"showSkybox":true,"showFlares":true,"showImageEffects":true,"showParticleSystems":true},"in2DMode":false,"pivot":{"x":-14.761276245117188,"y":-16.344402313232423,"z":-64.57650756835938},"rotation":{"x":0.15530915558338166,"y":0.8264374732971191,"z":-0.2766752541065216,"w":0.4654688537120819},"size":59.421417236328128,"orthographic":false}