{"cameraMode":{"drawMode":0,"name":"Shaded","section":"Shading Mode"},"sceneLighting":false,"audioPlay":false,"sceneViewState":{"showFog":true,"showMaterialUpdate":true,"showSkybox":false,"showFlares":true,"showImageEffects":true,"showParticleSystems":true},"in2DMode":false,"pivot":{"x":8.866059303283692,"y":0.02641427516937256,"z":-2.4995603561401369},"rotation":{"x":-0.04687376692891121,"y":0.9507061839103699,"z":-0.17465876042842866,"w":-0.252508282661438},"size":3.1764557361602785,"orthographic":false}