{"cameraMode":{"drawMode":0,"name":"Shaded","section":"Shading Mode"},"sceneLighting":false,"audioPlay":false,"sceneViewState":{"showFog":true,"showMaterialUpdate":true,"showSkybox":true,"showFlares":true,"showImageEffects":true,"showParticleSystems":true},"in2DMode":false,"pivot":{"x":-13.146036148071289,"y":10.624373435974121,"z":-25.675596237182618},"rotation":{"x":0.04105275124311447,"y":0.9299006462097168,"z":-0.3488098084926605,"w":0.11068116873502732},"size":16.66227149963379,"orthographic":false}