{"cameraMode":{"drawMode":0,"name":"Shaded","section":"Shading Mode"},"sceneLighting":false,"audioPlay":false,"sceneViewState":{"showFog":true,"showMaterialUpdate":true,"showSkybox":false,"showFlares":true,"showImageEffects":true,"showParticleSystems":true},"in2DMode":false,"pivot":{"x":3.807448387145996,"y":0.8423844575881958,"z":-26.520000457763673},"rotation":{"x":-0.04687376692891121,"y":0.9507061839103699,"z":-0.17465876042842866,"w":-0.252508282661438},"size":0.7881783843040466,"orthographic":false}