{"cameraMode":{"drawMode":0,"name":"Shaded","section":"Shading Mode"},"sceneLighting":false,"audioPlay":false,"sceneViewState":{"showFog":true,"showMaterialUpdate":false,"showSkybox":false,"showFlares":true,"showImageEffects":true,"showParticleSystems":true},"in2DMode":false,"pivot":{"x":548.280029296875,"y":310.44000244140627,"z":-14.525127410888672},"rotation":{"x":-0.1758449226617813,"y":0.823491632938385,"z":-0.3996445834636688,"w":-0.3624085485935211},"size":7.646541595458984,"orthographic":false}