{"cameraMode":{"drawMode":0,"name":"Shaded","section":"Shading Mode"},"sceneLighting":false,"audioPlay":false,"sceneViewState":{"showFog":true,"showMaterialUpdate":true,"showSkybox":false,"showFlares":true,"showImageEffects":true,"showParticleSystems":true},"in2DMode":false,"pivot":{"x":0.0020207474008202554,"y":9.313225746154786e-10,"z":0.0007503246888518333},"rotation":{"x":-0.04687376692891121,"y":0.9507061839103699,"z":-0.17465876042842866,"w":-0.252508282661438},"size":0.6214207410812378,"orthographic":false}